﻿<?xml version="1.0" encoding="UTF-8" ?>
<c2effect>
	<!-- About -->
	<id>DropShadow</id>			<!-- Never change the ID.  Change the name instead -->
	<name>DropShadow</name>
	<category>Color</category>
	<description>Adds a drop shadow with an offset and opacity (best used on layers)</description>
	<author>Somebody</author>
	
	<!-- Settings -->
	
	<!-- Extend the bounding box for effect processing by a number of pixels to show the edges
		 of effects which go beyond the object edges, e.g. blur and warp. -->
	<extend-box-horizontal>0</extend-box-horizontal>
	<extend-box-vertical>0</extend-box-vertical>
	
	<!-- Set to true if the background is sampled (samplerBack is referenced at all in the shader) -->
	<blends-background>false</blends-background>
	
	<!-- Set to true if the background is not sampled at 1:1 with the foreground (e.g. the
		 background texture co-ordinates are modified in some way by the shader, as done
		 by Glass and Lens) -->
	<cross-sampling>false</cross-sampling>
	
	<!-- Set to true if the effect changes over time, e.g. Noise or Warp effects. -->
	<animated>false</animated>
	
	<parameters>
		<param>
		<name>X offset</name>
		<description>X offset in pixels</description>
		<type>float</type>
		<initial>1</initial>
		<uniform>xoffset</uniform>
		</param>
		<param>
		<name>Y offset</name>
		<description>Y offset in pixels</description>
		<type>float</type>
		<initial>1</initial>
		<uniform>yoffset</uniform>
		</param>
		<param>
		<name>Opacity</name>
		<description>Shadow opacity</description>
		<type>percent</type>
		<initial>1</initial>
		<uniform>opacity</uniform>
		</param>
	</parameters>
</c2effect>