<?xml version="1.0" encoding="UTF-8" ?>
<c2effect>
	<!-- About -->
	<id>DropShad</id>			<!-- Never change the ID.  Change the name instead -->
	<name>DropShad</name>
	<category>Distortion</category>
	<description> Dropshadow effect for 2D player sprite.</description>
	<author>chrisbrobs2016</author>
	
	<!-- Settings -->
	
	<!-- Extend the bounding box for effect processing by a number of pixels to show the edges
		 of effects which go beyond the object edges, e.g. blur and warp. -->
	<extend-box-horizontal>0</extend-box-horizontal>
	<extend-box-vertical>0</extend-box-vertical>
	
	<!-- Set to true if the background is sampled (samplerBack is referenced at all in the shader) -->
	<blends-background>false</blends-background>
	
	<!-- Set to true if the background is not sampled at 1:1 with the foreground (e.g. the
		 background texture co-ordinates are modified in some way by the shader, as done
		 by Glass and Lens) -->
	<cross-sampling>true</cross-sampling>
	
	<!-- Set to true if the effect changes over time, e.g. Noise or Warp effects. -->
	<animated>false</animated>
			<!-- Parameters -->
	<parameters>
		<param>
			<name>Rescalefactor</name>
			<description>Reduce the shadow height by a percentage (0. = no change) up to 100, 74% recommended</description>
			<type>percent</type>
			<initial>0.74</initial>
			<uniform>Rescalefactor</uniform>
		</param>
				<param>
			<name>blurAmount</name>
			<description>blur amount. 0 to 6,  4 recommended</description>
			<type>float</type>
			<initial>2</initial>
			<uniform>blurAmount</uniform>
		</param>
				<param>
			<name>shadowOpacity</name>
			<description>shadow opacity.0 to 100, default 16</description>
			<type>percent</type>
			<initial>0.16</initial>
			<uniform>shadowOpacity</uniform>
		</param>
	    </parameters>
</c2effect>
