﻿<?xml version="1.0" encoding="UTF-8" ?>
<c2effect>
	<!-- About -->
	<id>hsbadjust</id>			<!-- Never change the ID.  Change the name instead -->
	<name>Adjust HSB</name>
	<category>Color</category>
	<description>Adjust image colors using Hue, Saturation and Brightness.</description>
	<author>Somebody</author>
	
	<!-- Settings -->
	
	<!-- Extend the bounding box for effect processing by a number of pixels to show the edges
		 of effects which go beyond the object edges, e.g. blur and warp. -->
	<extend-box-horizontal>0</extend-box-horizontal>
	<extend-box-vertical>0</extend-box-vertical>
	
	<!-- Set to true if the background is sampled (samplerBack is referenced at all in the shader) -->
	<blends-background>false</blends-background>
	
	<!-- Set to true if the background is not sampled at 1:1 with the foreground (e.g. the
		 background texture co-ordinates are modified in some way by the shader, as done
		 by Glass and Lens) -->
	<cross-sampling>false</cross-sampling>
	
	<!-- Set to true if the effect changes over time, e.g. Noise or Warp effects. -->
	<animated>false</animated>
	
	<!-- Parameters -->
	<parameters>
		<param>
			<name>Hue</name>
			<description>Amount of hue rotation to apply, from -100 to 100.</description>
			<type>percent</type>
			<initial>0</initial>
			<uniform>huerotate</uniform>
		</param>
		<param>
			<name>Saturation</name>
			<description>Saturation, from 0 to 100 or beyond.</description>
			<type>percent</type>
			<initial>1</initial>
			<uniform>satadjust</uniform>
		</param>
		<param>
			<name>Brightness</name>
			<description>Brightness, from 0 to 200 (default is 100).</description>
			<type>percent</type>
			<initial>1</initial>
			<uniform>briadjust</uniform>
		</param>
	</parameters>
</c2effect>
