<?xml version="1.0" encoding="UTF-8" ?>
<c2effect>
	<!-- About -->
	<id>lightrays</id>			<!-- Never change the ID.  Change the name instead -->
	<name>Light Rays</name>
	<category>Color</category>
	<description>Light rays</description>
	<author>Partaged</author>
	
	<!-- Settings -->
	
	<!-- Extend the bounding box for effect processing by a number of pixels to show the edges
		 of effects which go beyond the object edges, e.g. blur and warp. -->
	<extend-box-horizontal>0</extend-box-horizontal>
	<extend-box-vertical>0</extend-box-vertical>
	
	<!-- Set to true if the background is sampled (samplerBack is referenced at all in the shader) -->
	<blends-background>false</blends-background>
	
	<!-- Set to true if the background is not sampled at 1:1 with the foreground (e.g. the
		 background texture co-ordinates are modified in some way by the shader, as done
		 by Glass and Lens) -->
	<cross-sampling>false</cross-sampling>
	
	<!-- Set to true if the shader does not modify the opaque areas of the foreground. In other words
		 any opaque pixels in the original image are output in the same position and still fully opaque.
		 This is used to optimise the front-to-back renderer's depth pass, since it can still write depth
		 and skip overdraw for any objects using only shaders which preserve opaqueness. -->
	<preserves-opaqueness>true</preserves-opaqueness>
	
	<!-- Set to true if the effect changes over time, e.g. Noise or Warp effects. -->
	<animated>true</animated>
	
	<!-- Parameters -->
	<parameters>
		<param>
			<name>_Speed</name>
			<description>_Speed</description>
			<type>percent</type>
			<initial>0.4</initial>
			<uniform>_Speed</uniform>
		</param>
		<param>
			<name>_Size</name>
			<description>_Size</description>
			<type>percent</type>
			<initial>0.4</initial>
			<uniform>_Size</uniform>
		</param>
		<param>
			<name>_Skew</name>
			<description>__Skew</description>
			<type>percent</type>
			<initial>0.4</initial>
			<uniform>_Skew</uniform>
		</param>
		<param>
			<name>_Shear</name>
			<description>_Shear</description>
			<type>percent</type>
			<initial>0.4</initial>
			<uniform>_Shear</uniform>
		</param>
		<param>
			<name>_Fade</name>
			<description>_Fade</description>
			<type>percent</type>
			<initial>0.4</initial>
			<uniform>_Fade</uniform>
		</param>
		<param>
			<name>_Contrast</name>
			<description>_Contrast</description>
			<type>percent</type>
			<initial>0.4</initial>
			<uniform>_Contrast</uniform>
		</param>
	</parameters>
</c2effect>