<?xml version="1.0" encoding="UTF-8" ?>
<c2effect>
	<!-- About -->
	<id>lsd</id>			<!-- A unique ID.  Change this!  Never change the ID after release - change the name instead. -->
	<name>LSD FX</name>		<!-- The displayed name of the effect -->
	<category>Animated FX</category>	<!-- Any category can be used, but try to use one of: Color, Blend, or Distortion -->
	<description>LSD FX</description>
	<author>Gigatron</author>
	
	<!-- Settings -->
	
	<!-- Extend the bounding box for effect processing by a number of pixels to show the edges
		 of effects which go beyond the object edges, e.g. blur and warp.
		 Do not set if not strictly necessay!  These options have a performance impact. -->
	<extend-box-horizontal>0</extend-box-horizontal>
	<extend-box-vertical>0</extend-box-vertical>
	
	<!-- Set to true if the background is sampled (see comments on background sampling in the .fx file) -->
	<blends-background>false</blends-background>
	
	<!-- Set to true if the background is not sampled at 1:1 with the foreground (e.g. the
		 background texture co-ordinates are modified in some way by the shader, as done
		 by Glass and Lens) -->
	<cross-sampling>false</cross-sampling>
	
	<!-- Set to true if the effect changes by itself over time, e.g. Noise or Warp effects. -->
	<animated>true</animated>
	
	<!-- Parameters -->
	<parameters>
		<!-- An example parameter, with the following tags:
			name: the displayed name of the parameter
			description: appears at the bottom of the properties bar when selected
			type: either float or percent.  Percent is just a float but displayed x 100.
			initial: initial value of the parameter
			uniform: name of the corresponding uniform variable in the .fx file.
			
			You can add as many parameters as you like.
		-->
		<!--
	 	 <param>
			<name>Frequency</name>
			<description>Frequency</description>
			<type>float</type>
			<initial>6.0</initial>
			<uniform>freq0</uniform>
		</param>  -->
		 
	</parameters>
	
</c2effect>
