﻿<?xml version="1.0" encoding="UTF-8" ?>
<c2effect>
	<!-- About -->
	<id>quaddeformfx</id>			<!-- A unique ID.  Change this!  Never change the ID after release - change the name instead. -->
	<name>3D Quad Deform FX</name>		<!-- The displayed name of the effect -->
	<category>Animated FX</category>	<!-- Any category can be used, but try to use one of: Color, Blend, or Distortion -->
	<description>3D Deform Texture</description>
	<author>Gigatron</author>
	
	<!-- Settings -->
	
	<!-- Extend the bounding box for effect processing by a number of pixels to show the edges
		 of effects which go beyond the object edges, e.g. blur and warp.
		 Do not set if not strictly necessay!  These options have a performance impact. -->
	<extend-box-horizontal>0</extend-box-horizontal>
	<extend-box-vertical>0</extend-box-vertical>
	
	<!-- Set to true if the background is sampled (see comments on background sampling in the .fx file) -->
	<blends-background>false</blends-background>
	
	<!-- Set to true if the background is not sampled at 1:1 with the foreground (e.g. the
		 background texture co-ordinates are modified in some way by the shader, as done
		 by Glass and Lens) -->
	<cross-sampling>false</cross-sampling>
	<preserves-opaqueness>true</preserves-opaqueness>
	<!-- Set to true if the effect changes by itself over time, e.g. Noise or Warp effects. -->
	<animated>false</animated>
	
	<!-- Parameters -->
	<parameters>
		

	<param>
		<name>Ax</name>
		<description>X of point A</description>
		<type>float</type>
		<initial>0.0</initial>
		<uniform>Ax</uniform>
</param>
<param>
		<name>Ay</name>
		<description>Y of point A</description>
		<type>float</type>
		<initial>0</initial>
		<uniform>Ay</uniform>
</param>
<param>
		<name>Bx</name>
		<description>X of point B</description>
		<type>float</type>
		<initial>1.0</initial>
		<uniform>Bx</uniform>
</param>
<param>
		<name>By</name>
		<description>Y of point B</description>
		<type>float</type>
		<initial>0.25</initial>
		<uniform>By</uniform>
</param>
<param>
		<name>Cx</name>
		<description>X of point C</description>
		<type>float</type>
		<initial>1.0</initial>
		<uniform>Cx</uniform>
</param>
<param>
		<name>Cy</name>
		<description>Y of point C</description>
		<type>float</type>
		<initial>1.0</initial>
		<uniform>Cy</uniform>
</param>
<param>
		<name>Dx</name>
		<description>X of point D</description>
		<type>float</type>
		<initial>0.1</initial>
		<uniform>Dx</uniform>
</param>
<param>
		<name>Dy</name>
		<description>Y of point D</description>
		<type>float</type>
		<initial>1</initial>
		<uniform>Dy</uniform>
</param>
<param>
		<name>Texture Left</name>
		<description>Texture offset from left edge</description>
		<type>float</type>
		<initial>0.0</initial>
		<uniform>Tx1</uniform>
</param>
<param>
		<name>Texture Right</name>
		<description>Texture offset from right edge</description>
		<type>float</type>
		<initial>1.0</initial>
		<uniform>Tx2</uniform>
</param>
<param>
		<name>Texture Top</name>
		<description>Texture offset from top edge</description>
		<type>float</type>
		<initial>0.0</initial>
		<uniform>Ty1</uniform>
</param>
<param>
		<name>Texture Bottom</name>
		<description>Texture offset from bottom edge</description>
		<type>float</type>
		<initial>1.0</initial>
		<uniform>Ty2</uniform>
</param>
<param>
		<name>Light Left</name>
		<description>Light intensity at left edge</description>
		<type>float</type>
		<initial>1.0</initial>
		<uniform>Lx1</uniform>
</param>
<param>
		<name>Light Right</name>
		<description>Light intensity at right edge</description>
		<type>float</type>
		<initial>1.0</initial>
		<uniform>Lx2</uniform>
</param>
	
	
 
 	</parameters>
	
</c2effect>