﻿<?xml version="1.0" encoding="UTF-8" ?>
<c2effect>
	<!-- About -->
	<id>RotoScale</id>			<!-- Never change the ID.  Change the name instead -->
	<name>RotoScale</name>
	<category>Distortion</category>
	<description>Seamlessly scales and rotates a texture</description>
	<author>Somebody</author>
	
	<!-- Settings -->
	
	<!-- Extend the bounding box for effect processing by a number of pixels to show the edges
		 of effects which go beyond the object edges, e.g. blur and warp. -->
	<extend-box-horizontal>0</extend-box-horizontal>
	<extend-box-vertical>0</extend-box-vertical>
	
	<!-- Set to true if the background is sampled (samplerBack is referenced at all in the shader) -->
	<blends-background>false</blends-background>
	
	<!-- Set to true if the background is not sampled at 1:1 with the foreground (e.g. the
		 background texture co-ordinates are modified in some way by the shader, as done
		 by Glass and Lens) -->
	<cross-sampling>false</cross-sampling>
	
	<!-- Set to true if the effect changes over time, e.g. Noise or Warp effects. -->
	<animated>false</animated>
	
	<!-- Parameters -->
	<parameters>
		<param>
			<name>Angle</name>
			<description>Rotate the texture by this value</description>
			<type>Float</type>
			<initial>0</initial>
			<uniform>angle</uniform>
		</param>
		<param>
			<name>Scale</name>
			<description>Scale the texture to this value</description>
			<type>percent</type>
			<initial>1</initial>
			<uniform>scale</uniform>
		</param>
	</parameters>
</c2effect>
