﻿<?xml version="1.0" encoding="UTF-8" ?>
<c2effect>
	<!-- About -->
	<id>sutility</id>			<!-- A unique ID.  Change this!  Never change the ID after release - change the name instead. -->
	<name>Sprite Utility Shader</name>		<!-- The displayed name of the effect -->
	<category>C2 Utils</category>	<!-- Any category can be used, but try to use one of: Color, Blend, or Distortion -->
	<description>Sprite Utility Shader</description>
	<author>Gigatron</author>
	
	<!-- Settings -->
	
	<!-- Extend the bounding box for effect processing by a number of pixels to show the edges
		 of effects which go beyond the object edges, e.g. blur and warp.
		 Do not set if not strictly necessay!  These options have a performance impact. -->
	<extend-box-horizontal>0</extend-box-horizontal>
	<extend-box-vertical>0</extend-box-vertical>
	
	<!-- Set to true if the background is sampled (see comments on background sampling in the .fx file) -->
	<blends-background>false</blends-background>
	
	<!-- Set to true if the background is not sampled at 1:1 with the foreground (e.g. the
		 background texture co-ordinates are modified in some way by the shader, as done
		 by Glass and Lens) -->
	<cross-sampling>false</cross-sampling>
	<preserves-opaqueness>true</preserves-opaqueness>
	<!-- Set to true if the effect changes by itself over time, e.g. Noise or Warp effects. -->
	<animated>true</animated>
	
	<!-- Parameters -->
	<parameters>
	
	<param>
			<name>DEBUG</name>
			<description>Debug 0/1 display sprite area</description>
			<type>float</type>
			<initial>1.0</initial>
			<uniform>debug</uniform>
		</param>
	
	<param>
			<name>X_Rotation</name>
			<description>X Rotation</description>
			<type>float</type>
			<initial>0.0</initial>
			<uniform>rot_x</uniform>
		</param>
		<param>
			<name>Y_Rotation</name>
			<description>Y Rotation</description>
			<type>float</type>
			<initial>0.0</initial>
			<uniform>rot_y</uniform>
		</param>
		<param>
			<name>Z_Rotation</name>
			<description>Z Rotation</description>
			<type>float</type>
			<initial>0.5</initial>
			<uniform>rot_z</uniform>
		</param>
		<param>
			<name>Translate X</name>
			<description>Translate X</description>
			<type>float</type>
			<initial>0.0</initial>
			<uniform>trx</uniform>
	</param>
	 <param>
			<name>Translate Y</name>
			<description>Translate Y</description>
			<type>float</type>
			<initial>0.5</initial>
			<uniform>try</uniform>
	</param>
	
	<param>
			<name>Roll X</name>
			<description>Roll X</description>
			<type>float</type>
			<initial>0.0</initial>
			<uniform>rlx</uniform>
	</param>
	<param>
			<name>Roll Y</name>
			<description>Roll Y</description>
			<type>float</type>
			<initial>0.0</initial>
			<uniform>rly</uniform>
	</param>
		
		<param>
			<name>Zoom_Factor</name>
			<description>Zoom Factor</description>
			<type>float</type>
			<initial>-3.0</initial>
			<uniform>zoom</uniform>
		</param>
		<param>
			<name>Color Intensity</name>
			<description>Intensity Of Global Color</description>
			<type>float</type>
			<initial>1.0</initial>
			<uniform>intensity</uniform>
		</param>
		<param>
			<name>Color Mode</name>
			<description>Color Mode 0/1/2 Color,BW,Monochrome</description>
			<type>float</type>
			<initial>0.0</initial>
			<uniform>cmode</uniform>
		</param>
		<param>
			<name>Skew X</name>
			<description>X Skew</description>
			<type>float</type>
			<initial>0.0</initial>
			<uniform>skewx</uniform>
		</param>
		
		<param>
			<name>Skew Y</name>
			<description>Y Skew</description>
			<type>float</type>
			<initial>0.0</initial>
			<uniform>skewy</uniform>
		</param>
		
		<param>
			<name>Scanline Mode</name>
			<description>Scanline Mode 0/1/2/3 Off/X/Y/XY</description>
			<type>float</type>
			<initial>0.0</initial>
			<uniform>slmode</uniform>
		</param>
		<param>
			<name>Resolution Mode</name>
			<description>Pixelize Resolution</description>
			<type>float</type>
			<initial>256.0</initial>
			<uniform>rmode</uniform>
		</param>
		
		<param>
			<name>BG Red</name>
			<description>Red Component</description>
			<type>float</type>
			<initial>0.0</initial>
			<uniform>bg_red</uniform>
		</param> 
		<param>
			<name>BG Green</name>
			<description>Green Component</description>
			<type>float</type>
			<initial>0.0</initial>
			<uniform>bg_green</uniform>
		</param> 
		
		<param>
			<name>BG Blue</name>
			<description>Blue Component</description>
			<type>float</type>
			<initial>0.0</initial>
			<uniform>bg_blue</uniform>
		</param> 
	
	
	
 
 	</parameters>
	
</c2effect>